[
  {
    "id": 1,
    "name": "Elegant Heights",
    "price": 8500000,
    "desc": "Nestled in the heart of the city, Elegant Heights offers a perfect blend of modern architecture and serene surroundings. Experience luxury living like never before.",
    "avg_ratings": 4.8,
    "plot_area": "45 acres",
    "rooms": "3 BHK",
    "booking_amnt": 7500000,
    "img": "https://plus.unsplash.com/premium_photo-1661883964999-c1bcb57a7357?w=500&auto=format&fit=crop&q=60&ixlib=rb-4.0.3&ixid=M3wxMjA3fDB8MHxzZWFyY2h8MXx8cHJvcGVydGllc3xlbnwwfHwwfHx8MA%3D%3D"
  },
  {
    "id": 2,
    "name": "Azure Palms",
    "price": 12000000,
    "desc": "Discover the epitome of luxury living at Azure Palms. With breathtaking views and world-class amenities, every moment here is a celebration of life.",
    "avg_ratings": 4.9,
    "plot_area": "75 acres",
    "rooms": "4 BHK",
    "booking_amnt": 10000000,
    "img": "https://images.unsplash.com/photo-1512917774080-9991f1c4c750?w=500&auto=format&fit=crop&q=60&ixlib=rb-4.0.3&ixid=M3wxMjA3fDB8MHxzZWFyY2h8Mnx8cHJvcGVydGllc3xlbnwwfHwwfHx8MA%3D%3D"
  },
  {
    "id": 3,
    "name": "Golden Meadows",
    "price": 9500000,
    "desc": "Welcome to Golden Meadows, where tranquility meets sophistication. Immerse yourself in the beauty of nature and indulge in luxurious comforts.",
    "avg_ratings": 4.7,
    "plot_area": "55 acres",
    "rooms": "3 BHK",
    "booking_amnt": 8000000,
    "img": "https://images.unsplash.com/photo-1600585154340-be6161a56a0c?w=500&auto=format&fit=crop&q=60&ixlib=rb-4.0.3&ixid=M3wxMjA3fDB8MHxzZWFyY2h8M3x8cHJvcGVydGllc3xlbnwwfHwwfHx8MA%3D%3D"
  },
  {
    "id": 4,
    "name": "Sapphire Springs",
    "price": 10500000,
    "desc": "Experience sheer opulence at Sapphire Springs. Unwind in the lap of luxury amidst lush green landscapes and exquisite amenities.",
    "avg_ratings": 4.6,
    "plot_area": "65 acres",
    "rooms": "4 BHK",
    "booking_amnt": 9000000,
    "img": "https://images.unsplash.com/photo-1600047509807-ba8f99d2cdde?w=500&auto=format&fit=crop&q=60&ixlib=rb-4.0.3&ixid=M3wxMjA3fDB8MHxzZWFyY2h8MTB8fHByb3BlcnRpZXN8ZW58MHx8MHx8fDA%3D"
  },
  {
    "id": 5,
    "name": "Harmony Haven",
    "price": 8000000,
    "desc": "Find your sanctuary at Harmony Haven, where modern comforts meet timeless elegance. Live in harmony with nature and luxury.",
    "avg_ratings": 4.8,
    "plot_area": "50 acres",
    "rooms": "3 BHK",
    "booking_amnt": 7000000,
    "img": "https://images.unsplash.com/photo-1600585153490-76fb20a32601?w=500&auto=format&fit=crop&q=60&ixlib=rb-4.0.3&ixid=M3wxMjA3fDB8MHxzZWFyY2h8MTF8fHByb3BlcnRpZXN8ZW58MHx8MHx8fDA%3D"
  },
  {
    "id": 6,
    "name": "Tranquil Residences",
    "price": 11000000,
    "desc": "Discover peace and luxury at Tranquil Residences. Impeccable design, lush surroundings, and world-class amenities await you.",
    "avg_ratings": 4.9,
    "plot_area": "70 acres",
    "rooms": "4 BHK",
    "booking_amnt": 9500000,
    "img": "https://images.unsplash.com/photo-1600585154526-990dced4db0d?w=500&auto=format&fit=crop&q=60&ixlib=rb-4.0.3&ixid=M3wxMjA3fDB8MHxzZWFyY2h8MTR8fHByb3BlcnRpZXN8ZW58MHx8MHx8fDA%3D"
  },
  {
    "id": 7,
    "name": "Royal Gardens",
    "price": 10000000,
    "desc": "Indulge in regal living at Royal Gardens. With majestic landscapes and palatial interiors, every day feels like royalty.",
    "avg_ratings": 4.7,
    "plot_area": "60 acres",
    "rooms": "4 BHK",
    "booking_amnt": 8500000,
    "img": "https://plus.unsplash.com/premium_photo-1676321688612-4451a8721435?w=500&auto=format&fit=crop&q=60&ixlib=rb-4.0.3&ixid=M3wxMjA3fDB8MHxzZWFyY2h8MTd8fHByb3BlcnRpZXN8ZW58MHx8MHx8fDA%3D"
  },
  {
    "id": 8,
    "name": "Vista Villas",
    "price": 11500000,
    "desc": "Enjoy panoramic views and luxurious living at Vista Villas. Elevate your lifestyle amidst serene surroundings and modern comforts.",
    "avg_ratings": 4.6,
    "plot_area": "80 acres",
    "rooms": "5 BHK",
    "booking_amnt": 10000000,
    "img": "https://images.unsplash.com/photo-1522759531475-b05ba50ae2b7?w=500&auto=format&fit=crop&q=60&ixlib=rb-4.0.3&ixid=M3wxMjA3fDB8MHxzZWFyY2h8NDB8fHByb3BlcnRpZXN8ZW58MHx8MHx8fDA%3D"
  },
  {
    "id": 9,
    "name": "Majestic Heights",
    "price": 8500000,
    "desc": "Ascend to Majestic Heights and experience living on cloud nineImmerse yourself in luxury and elegance at its finest. Ascend to Majestic Heights and experience living on cloud nine. Immerse yourself in luxury and elegance at its finest.Ascend to Majestic Heights and experience living on cloud nine. Immerse yourself in luxury and elegance at its finest",
    "avg_ratings": 4.8,
    "plot_area": "55 acres",
    "rooms": "3 BHK",
    "booking_amnt": 7500000,
    "img": "https://images.unsplash.com/photo-1600047508557-92d6db2cf246?w=500&auto=format&fit=crop&q=60&ixlib=rb-4.0.3&ixid=M3wxMjA3fDB8MHxzZWFyY2h8NzZ8fHByb3BlcnRpZXN8ZW58MHx8MHx8fDA%3D"
  },
  {
    "id": 10,
    "name": "Blissful Retreat",
    "price": 9500000,
    "desc": "Escape to Blissful Retreat, where tranquility meets luxury. Rediscover yourself amidst lush greenery and unmatched comfort.",
    "avg_ratings": 4.7,
    "plot_area": "65 acres",
    "rooms": "4 BHK",
    "booking_amnt": 8000000,
    "img": "https://images.unsplash.com/photo-1600607688969-a5bfcd646154?w=500&auto=format&fit=crop&q=60&ixlib=rb-4.0.3&ixid=M3wxMjA3fDB8MHxzZWFyY2h8NDZ8fHByb3BlcnRpZXN8ZW58MHx8MHx8fDA%3D"
  },
  {
    "id": 11,
    "name": "Emerald Enclave",
    "price": 10500000,
    "desc": "Enter the world of luxury at Emerald Enclave. Immerse yourself in the beauty of nature and the elegance of modern architecture.",
    "avg_ratings": 4.9,
    "plot_area": "75 acres",
    "rooms": "4 BHK",
    "booking_amnt": 9000000,
    "img": "https://images.unsplash.com/photo-1568605114967-8130f3a36994?w=500&auto=format&fit=crop&q=60&ixlib=rb-4.0.3&ixid=M3wxMjA3fDB8MHxzZWFyY2h8NHx8aG91c2V8ZW58MHx8MHx8fDA%3D"
  },
  {
    "id": 12,
    "name": "Opulent Oasis",
    "price": 8000000,
    "desc": "Step into Opulent Oasis and experience luxury redefined. Indulge in lavish amenities and exquisite surroundings.",
    "avg_ratings": 3.8,
    "plot_area": "50 acres",
    "rooms": "3 BHK",
    "booking_amnt": 7000000,
    "img": "https://images.unsplash.com/photo-1598228723793-52759bba239c?w=500&auto=format&fit=crop&q=60&ixlib=rb-4.0.3&ixid=M3wxMjA3fDB8MHxzZWFyY2h8MTl8fGhvdXNlfGVufDB8fDB8fHww"
  },
  {
    "id": 13,
    "name": "Celestial Heights",
    "price": 11000000,
    "desc": "Reach for the stars at Celestial Heights. Experience luxury living at its peak amidst celestial landscapes and divine comfort.",
    "avg_ratings": 3.6,
    "plot_area": "70 acres",
    "rooms": "4 BHK",
    "booking_amnt": 9500000,
    "img": "https://plus.unsplash.com/premium_photo-1663091687045-d108c7fb83e4?w=500&auto=format&fit=crop&q=60&ixlib=rb-4.0.3&ixid=M3wxMjA3fDB8MHxzZWFyY2h8Mjl8fGhvdXNlfGVufDB8fDB8fHww"
  },
  {
    "id": 14,
    "name": "Paradise Point",
    "price": 10000000,
    "desc": "Discover your slice of paradise at Paradise Point. Live amidst serene surroundings and luxurious amenities.",
    "avg_ratings": 3.7,
    "plot_area": "60 acres",
    "rooms": "4 BHK",
    "booking_amnt": 8500000,
    "img": "https://plus.unsplash.com/premium_photo-1661963657305-f52dcaeef418?w=500&auto=format&fit=crop&q=60&ixlib=rb-4.0.3&ixid=M3wxMjA3fDB8MHxzZWFyY2h8MzN8fGhvdXNlfGVufDB8fDB8fHww"
  }
]
